id,date,message_type,message_content,media_path
665499,2025-02-03T04:12:04+00:00,text,Gm guys,
665498,2025-02-03T04:11:55+00:00,sticker,[STICKER] CAADBQAD3AcAAoMvaFYUd7yNmnK48QI,media/sticker_665498.webp
665497,2025-02-03T04:02:46+00:00,text,Yeah üò≠,
665495,2025-02-03T03:55:33+00:00,text,FULL RED,
665494,2025-02-03T03:55:26+00:00,text,DANGER MARKET,
665493,2025-02-03T03:55:02+00:00,file,[FILE] Money Rain.gif.mp4,media/video_665493.mp4
665492,2025-02-03T03:54:59+00:00,text,Ants will lead the bull run soon,
665491,2025-02-03T03:54:53+00:00,text,"It's okay, we are just getting started",
665490,2025-02-03T03:52:33+00:00,text,the market is collapsed already and there are no support ü•≤ü•≤ already down by 40% +,
665489,2025-02-03T03:52:02+00:00,text,yess very strongüí™,
665488,2025-02-03T03:51:51+00:00,text,good,
665487,2025-02-03T03:49:37+00:00,sticker,[STICKER] BAADBQADUxMAAh3ICFc6ZEF_wIvKkgI,media/sticker_665487.webp
665486,2025-02-03T03:49:34+00:00,text,Ants are strong !!,
665485,2025-02-03T03:49:28+00:00,text,Waiting for a good market to start,
665484,2025-02-03T03:49:18+00:00,text,Gm Gm Ants,
665483,2025-02-03T03:47:56+00:00,sticker,[STICKER] BAADBQADnw0AAqSSwVf1bXSMdL6iFQI,media/sticker_665483.webp
665481,2025-02-03T03:47:44+00:00,text,yes i have,
665480,2025-02-03T03:43:26+00:00,text,"i dont want to wake, after see the market ü•≤",
665479,2025-02-03T03:38:20+00:00,text,Wake up buddy its 9 am,
665478,2025-02-03T03:38:01+00:00,text,Ok,
665477,2025-02-03T03:35:18+00:00,text,keep supportüí™,
665476,2025-02-03T03:34:54+00:00,text,"not yet still on bed üõå , have you done",
665475,2025-02-03T03:34:43+00:00,text,good morningüåÑüôã,
665474,2025-02-03T03:33:47+00:00,text,had a breakfast sir ü•û‚òï,
665473,2025-02-03T03:33:08+00:00,sticker,[STICKER] BAADBQADKhEAAsSGCFV3Rmrg1A5v1AI,media/sticker_665473.webp
665472,2025-02-03T03:33:00+00:00,text,Monday $M Lift üêú,
665471,2025-02-03T03:32:16+00:00,text,push the tank togetherüë¨üë´ new day new beginning,
665470,2025-02-03T03:32:05+00:00,text,good morning all,
665469,2025-02-03T03:31:49+00:00,text,keep supportüí™,
665468,2025-02-03T03:31:43+00:00,sticker,[STICKER] CAADBAADTQ0AAoHiUFHmAqygEA-P-QI,media/sticker_665468.webp
665467,2025-02-03T03:31:31+00:00,sticker,[STICKER] BAADBAADexUAAkejCVNXPSJ4GPFRjQI,media/sticker_665467.webp
665466,2025-02-03T03:31:24+00:00,text,What is up bro,
665465,2025-02-03T03:31:18+00:00,sticker,[STICKER] CAADBAADShcAAngTsFI10a5sGl3A1wI,media/sticker_665465.webp
665464,2025-02-03T03:31:16+00:00,text,yes lets push üñêüëâ,
665463,2025-02-03T03:29:35+00:00,text,2030,
665462,2025-02-03T03:28:28+00:00,text,Up,
665461,2025-02-03T03:27:12+00:00,sticker,[STICKER] CAADBQADSwUAAhcJWFSKgr2qwMXlngI,media/sticker_665461.webp
665460,2025-02-03T03:26:43+00:00,text,when t ge?,
665459,2025-02-03T03:26:43+00:00,sticker,[STICKER] BAADBQADqxUAAne5EFVphIn652slQAI,media/sticker_665459.webp
665458,2025-02-03T03:26:39+00:00,text,good morningüåÑüôã,
665457,2025-02-03T03:17:52+00:00,sticker,[STICKER] CAADBQAD4wgAAin56FWVhx-HShpefQI,media/sticker_665457.webp
665456,2025-02-03T03:17:29+00:00,text,Gm gm gm gm gm,
665455,2025-02-03T03:07:25+00:00,sticker,[STICKER] CAADBAADHBYAAjQGqFJLItw64N96FwI,media/sticker_665455.webp
665454,2025-02-03T03:05:15+00:00,text,Market is redü§Æ,
665453,2025-02-03T03:04:13+00:00,text,Why red?,
665452,2025-02-03T03:03:49+00:00,text,Morning,
665451,2025-02-03T03:03:43+00:00,text,Red morning surr,
665450,2025-02-03T03:03:36+00:00,sticker,[STICKER] CAADBAAD1xUAAlHrcFB0hitvju6PCQI,media/sticker_665450.webp
665449,2025-02-03T03:03:23+00:00,text,Morning üåÑ,
665448,2025-02-03T03:01:58+00:00,text,Im not,
665447,2025-02-03T03:01:55+00:00,text,No,
665446,2025-02-03T03:01:37+00:00,sticker,[STICKER] CAADBAADHBYAAjQGqFJLItw64N96FwI,media/sticker_665446.webp
665445,2025-02-03T03:01:35+00:00,text,All r sleeping,
665444,2025-02-03T03:01:29+00:00,sticker,[STICKER] CAADBAADShcAAngTsFI10a5sGl3A1wI,media/sticker_665444.webp
665443,2025-02-03T03:01:26+00:00,text,What is up dude,
665442,2025-02-03T03:01:19+00:00,text,yes,
665441,2025-02-03T03:01:07+00:00,text,Hehee. Yesss sir üòÅ‚ù§Ô∏è,
665440,2025-02-03T03:01:04+00:00,text,heii,
665439,2025-02-03T03:00:51+00:00,text,Enjoi,
665438,2025-02-03T03:00:26+00:00,text,Heillo,
665437,2025-02-03T03:00:20+00:00,text,hi,
665436,2025-02-03T03:00:18+00:00,text,hi,
665435,2025-02-03T03:00:13+00:00,text,It's Saraswati Puja today üòÅ‚ù§Ô∏è,
665434,2025-02-03T02:59:24+00:00,text,Hie saasei,
665433,2025-02-03T02:59:16+00:00,text,Lol,
665432,2025-02-03T02:57:07+00:00,sticker,[STICKER] CAADAgADz1cAAsblAUuoBHVS0TSfqAI,media/sticker_665432.webp
665431,2025-02-03T02:56:51+00:00,text,it's monday,
665430,2025-02-03T02:56:42+00:00,text,morning guys,
665429,2025-02-03T02:55:55+00:00,sticker,[STICKER] CAADBAADShcAAngTsFI10a5sGl3A1wI,media/sticker_665429.webp
665428,2025-02-03T02:55:47+00:00,text,Buddys,
665427,2025-02-03T02:55:45+00:00,text,Heilo,
665426,2025-02-03T02:55:33+00:00,sticker,[STICKER] CAADBQADvAgAArf36VVsjqj2OPnH2wI,media/sticker_665426.webp
665425,2025-02-03T02:55:24+00:00,text,Lift lift lift,
665424,2025-02-03T02:55:09+00:00,text,yeaa,
665423,2025-02-03T02:55:04+00:00,text,To the moon üåù,
665422,2025-02-03T02:55:03+00:00,text,hii,
665421,2025-02-03T02:54:53+00:00,text,19.00 pm,
665420,2025-02-03T02:54:39+00:00,sticker,[STICKER] CAADBQAD8wcAAh_36FXCYsOZTzCFPAI,media/sticker_665420.webp
665419,2025-02-03T02:47:25+00:00,sticker,[STICKER] BAADBAADNSYAAnIsAVNuYC_flEh7qgI,media/sticker_665419.webp
665418,2025-02-03T02:47:18+00:00,text,Is it time zone??,
665416,2025-02-03T02:45:38+00:00,text,9.45 am,
665415,2025-02-03T02:45:34+00:00,sticker,[STICKER] BAADAQADrAMAAs-6KUa4gWEbeRosEwI,media/sticker_665415.webp
665414,2025-02-03T02:45:30+00:00,text,Noobe ho tum,
665413,2025-02-03T02:45:25+00:00,text,What is the time zone in indonesia,
665412,2025-02-03T02:45:00+00:00,text,I'm fine buddy,
665411,2025-02-03T02:45:00+00:00,text,I dont know xhinese,
665410,2025-02-03T02:44:47+00:00,text,I am good wbu,
665409,2025-02-03T02:44:21+00:00,sticker,[STICKER] BAADBQADhRAAAtLlEFVjm-H0SPxIbgI,media/sticker_665409.webp
665408,2025-02-03T02:44:14+00:00,sticker,[STICKER] BAADBQADNAwAAlieaVfKcT-Bk1cfbgI,media/sticker_665408.webp
665407,2025-02-03T02:44:11+00:00,text,Ïñ¥ÎñªÍ≤å ÏßÄÎÇ¥ÏÑ∏Ïöî,
665406,2025-02-03T02:44:07+00:00,text,"Hi montu, how are you?",
665405,2025-02-03T02:43:56+00:00,text,Good morning putrii,
665404,2025-02-03T02:43:51+00:00,sticker,[STICKER] BAADBQAD4BUAAuXACFeCKFalvLNJbwI,media/sticker_665404.webp
665403,2025-02-03T02:43:35+00:00,text,Start sur,
665402,2025-02-03T02:43:31+00:00,text,Ok,
665401,2025-02-03T02:43:29+00:00,text,Have a nice day,
665400,2025-02-03T02:43:24+00:00,text,Let's talkin china,
665399,2025-02-03T02:43:23+00:00,text,Gm buddy,
665398,2025-02-03T02:43:10+00:00,text,Woah,
665397,2025-02-03T02:41:25+00:00,sticker,[STICKER] CAADBQADfwYAAs6A6VUddC1jYB4hJAI,media/sticker_665397.webp
665396,2025-02-03T02:41:21+00:00,text,Dam open now,
665395,2025-02-03T02:40:04+00:00,text,Early morning popcornü§¢ü§Æ,
665394,2025-02-03T02:39:47+00:00,text,How much lift sur,
665393,2025-02-03T02:39:40+00:00,sticker,[STICKER] BAADBQADNAwAAlieaVfKcT-Bk1cfbgI,media/sticker_665393.webp
665392,2025-02-03T02:39:31+00:00,text,Lift,
665391,2025-02-03T02:39:31+00:00,sticker,[STICKER] BAADBAADrBYAAqrekVP3UsHhCWYX6QI,media/sticker_665391.webp
665390,2025-02-03T02:39:23+00:00,text,Nice,
665389,2025-02-03T02:23:51+00:00,text,Haha Thanks budddy,
665388,2025-02-03T02:23:37+00:00,text,Happy Saraswati puja From nepall,
665387,2025-02-03T02:23:36+00:00,text,Yes buddddy,
665386,2025-02-03T02:20:00+00:00,text,Happy Saraswati puja From India,
665385,2025-02-03T02:19:39+00:00,text,Good morning,
665384,2025-02-03T02:19:37+00:00,text,Hi ants,
665382,2025-02-03T01:54:13+00:00,text,"Ok,",
665380,2025-02-03T01:53:37+00:00,text,"Let's talk about some anime üòÖ,",
665379,2025-02-03T01:53:07+00:00,text,Hope so,
665378,2025-02-03T01:52:52+00:00,text,"Somehow, they will announce soon, maybe",
665377,2025-02-03T01:52:23+00:00,text,Do you have any idea about tge,
665376,2025-02-03T01:52:02+00:00,text,"Ok, if I get a good modified name I will change",
665375,2025-02-03T01:51:28+00:00,text,"So , stay",
665374,2025-02-03T01:51:10+00:00,text,"I know,",
665373,2025-02-03T01:50:42+00:00,text,"Why , it's looks good üòä",
665372,2025-02-03T01:50:23+00:00,text,"But I changed a little bit, I have to change fully",
665371,2025-02-03T01:49:49+00:00,text,"Not, still same as before",
665370,2025-02-03T01:49:28+00:00,text,Can you tell me is my name colour change or not,
665369,2025-02-03T01:47:32+00:00,text,Good,
665368,2025-02-03T01:46:27+00:00,text,Ok,
665367,2025-02-03T01:46:09+00:00,text,"Yeah somehow,boys are good in everything, but girls are , forget about it, I will tell in person",
665366,2025-02-03T01:44:42+00:00,text,Did you get to  know how this group people are previous night,
665365,2025-02-03T01:44:01+00:00,text,"Yeah yeah, good good",
665364,2025-02-03T01:43:35+00:00,text,I'm lying in bed üòÇ,
665363,2025-02-03T01:43:18+00:00,text,"Nothing particular ,wbu",
665362,2025-02-03T01:42:59+00:00,text,"Fine, what are you doing buds",
665361,2025-02-03T01:42:42+00:00,text,"Fine, u",
665360,2025-02-03T01:42:30+00:00,text,How are you,
665359,2025-02-03T01:42:18+00:00,text,"Good morning,",
665358,2025-02-03T01:41:59+00:00,text,Good morning mate's,
665357,2025-02-03T01:35:32+00:00,text,good morning ants,
665356,2025-02-03T01:35:25+00:00,sticker,[STICKER] BAADBQADKhEAAsSGCFV3Rmrg1A5v1AI,media/sticker_665356.webp
665355,2025-02-03T01:33:46+00:00,text,good morningüåÑüôã,
665352,2025-02-03T01:19:44+00:00,text,üòÅ,
665351,2025-02-03T01:19:25+00:00,text,I was joking joking previous night ü§£ü§£ü§£,
665350,2025-02-03T00:12:32+00:00,text,In this week ?,
665349,2025-02-03T00:12:26+00:00,text,Good bye means we'll not meet again... üòä,
665348,2025-02-02T23:44:07+00:00,text,We are getting  close to the end and then listing and airdrop distribution,
665347,2025-02-02T23:43:23+00:00,photo,[PHOTO],media/photo_665347.jpg
665346,2025-02-02T23:23:19+00:00,text,Coming  soon,
665345,2025-02-02T23:20:45+00:00,text,Keep supporting,
665344,2025-02-02T22:46:50+00:00,sticker,[STICKER] BAADBQADhRAAAtLlEFVjm-H0SPxIbgI,media/sticker_665344.webp
665343,2025-02-02T22:46:42+00:00,sticker,[STICKER] BAADBQADUxMAAh3ICFc6ZEF_wIvKkgI,media/sticker_665343.webp
665342,2025-02-02T22:41:58+00:00,sticker,[STICKER] BAADBQADqxUAAne5EFVphIn652slQAI,media/sticker_665342.webp
665340,2025-02-02T22:35:43+00:00,text,Freefire,
665335,2025-02-02T22:16:21+00:00,file,[FILE] @VideoToGifConverterBot.mp4,media/video_665335.mp4
665333,2025-02-02T22:15:21+00:00,text,Hey chat,
665324,2025-02-02T20:34:39+00:00,sticker,[STICKER] BAADBQAD4BUAAuXACFeCKFalvLNJbwI,media/sticker_665324.webp
665323,2025-02-02T20:34:27+00:00,text,Good morning chat! (It's 3am i know) ü§£,
665322,2025-02-02T20:33:59+00:00,text,Lift dude! $M,
665320,2025-02-02T20:19:54+00:00,sticker,[STICKER] BAADBQADUxMAAh3ICFc6ZEF_wIvKkgI,media/sticker_665320.webp
665319,2025-02-02T20:19:49+00:00,text,Lift ants,
665318,2025-02-02T20:19:46+00:00,text,I think yes üòÉ,
665317,2025-02-02T20:03:08+00:00,text,Lift the meme $M,
665316,2025-02-02T20:02:59+00:00,sticker,[STICKER] BAADBQADShkAAuOyEFW6oCCMRi4C-QI,media/sticker_665316.webp
665315,2025-02-02T20:02:50+00:00,text,Is everyone asleep?,
665314,2025-02-02T19:57:11+00:00,text,When launch?,
665313,2025-02-02T19:55:58+00:00,text,This coin launched?,
665312,2025-02-02T19:50:26+00:00,sticker,[STICKER] CAADBQAD1BAAAvJ-kVSHeh26cuQ1lQI,media/sticker_665312.webp
665311,2025-02-02T19:48:49+00:00,text,Alright,
665310,2025-02-02T19:38:09+00:00,text,Good night everyone,
665309,2025-02-02T19:25:49+00:00,text,"Gn people,peace out üïäÔ∏è",
665308,2025-02-02T19:21:11+00:00,text,Good evening everyone,
665307,2025-02-02T19:20:57+00:00,text,"Hello, you getting it all wrong this isn‚Äôt a telegram project. 

Thanks for your input we would announce TGE when our developments are done.",
665306,2025-02-02T18:51:28+00:00,text,Naye mbwa mwe either launch or launch stop wasting time. A telegram project should not last more than 6 months,
665305,2025-02-02T18:50:45+00:00,sticker,[STICKER] CAADBAADghkAAoqY2VKSTa6RwvOxoQI,media/sticker_665305.webp
665304,2025-02-02T18:50:37+00:00,text,Okay,
665303,2025-02-02T18:48:30+00:00,text,what was going !,
665302,2025-02-02T18:48:18+00:00,text,hey guys,
665301,2025-02-02T18:47:39+00:00,text,Your dance clip,
665300,2025-02-02T18:47:14+00:00,text,Why!??,
665299,2025-02-02T18:47:01+00:00,text,Peace damnnn,
665298,2025-02-02T18:46:23+00:00,text,Chill,
665297,2025-02-02T18:45:56+00:00,text,Then? What else u want?,
665296,2025-02-02T18:45:33+00:00,text,Why alone here?,
665295,2025-02-02T18:43:30+00:00,text,üòÇüòÇ,
665293,2025-02-02T18:36:32+00:00,text,Where is the paragraph?,
665292,2025-02-02T18:33:37+00:00,sticker,[STICKER] BAADBQADzBAAAnX7EVWHAQABoe8hwwYC,media/sticker_665292.webp
665291,2025-02-02T18:30:45+00:00,text,Not father... Her mother,
665290,2025-02-02T18:30:22+00:00,text,U r üòÇüòÇ,
665289,2025-02-02T18:30:09+00:00,sticker,[STICKER] CAADBAADHBYAAjQGqFJLItw64N96FwI,media/sticker_665289.webp
665288,2025-02-02T18:28:32+00:00,text,Where are others,
665287,2025-02-02T18:26:13+00:00,sticker,[STICKER] CAADBQADFRYAAtLU-VSDYs00fn_kXwI,media/sticker_665287.webp
665286,2025-02-02T18:21:37+00:00,sticker,[STICKER] BAADBQADNAwAAlieaVfKcT-Bk1cfbgI,media/sticker_665286.webp
665285,2025-02-02T18:12:45+00:00,text,Please wait for official announcements,
665284,2025-02-02T18:12:28+00:00,text,Busy day,
665283,2025-02-02T18:12:17+00:00,text,Don't be tired,
665282,2025-02-02T18:11:05+00:00,text,Let's go to the bed,
665281,2025-02-02T18:10:56+00:00,text,Sir listing date ?,
665280,2025-02-02T18:10:46+00:00,text,Yes ‚ù§Ô∏è,
665279,2025-02-02T18:10:19+00:00,text,Wrong swipe,
665278,2025-02-02T18:10:14+00:00,text,Now in the pinned message sir,
665277,2025-02-02T18:10:03+00:00,sticker,[STICKER] BAADBAADexUAAkejCVNXPSJ4GPFRjQI,media/sticker_665277.webp
665276,2025-02-02T18:09:24+00:00,text,pB?,
665274,2025-02-02T18:07:17+00:00,text,Stop spamming,
665273,2025-02-02T18:07:12+00:00,text,"We always appreciate your contributions.¬† If you have any ideas or comments, please contact us.¬† We will be your support",
665270,2025-02-02T18:05:47+00:00,text,To the bed haha Byeee,
665269,2025-02-02T18:05:42+00:00,text,Let's goooo,
665268,2025-02-02T18:05:39+00:00,text,Yes buddy,
665267,2025-02-02T18:05:35+00:00,text,Ok I told you the reason haha,
665266,2025-02-02T18:05:32+00:00,text,So bye,
665265,2025-02-02T18:05:30+00:00,text,Everyone is gone,
665264,2025-02-02T18:05:25+00:00,text,Leave,
665263,2025-02-02T18:05:11+00:00,text,The matter is not about boy and girl üôÇ,
665262,2025-02-02T18:04:55+00:00,sticker,[STICKER] CAADBAADzhQAAk-I2FMWBFLG04PWFgI,media/sticker_665262.webp
665261,2025-02-02T18:04:51+00:00,text,Haha we boys told that as a bye,
665260,2025-02-02T18:04:49+00:00,text,üôÇ,
665259,2025-02-02T18:04:46+00:00,text,Just say bye,
665258,2025-02-02T18:04:42+00:00,text,It means we will never meet again,
665257,2025-02-02T18:04:35+00:00,sticker,[STICKER] CAADBAADzhQAAk-I2FMWBFLG04PWFgI,media/sticker_665257.webp
665256,2025-02-02T18:04:33+00:00,text,Don't say good bye brother,
665255,2025-02-02T18:04:32+00:00,text,Good bye and good night,
665254,2025-02-02T18:04:23+00:00,text,Go to the moon for Genesis,
665253,2025-02-02T18:04:17+00:00,text,Good by guys see you later,
665252,2025-02-02T18:04:02+00:00,sticker,[STICKER] CAADBAADHBYAAjQGqFJLItw64N96FwI,media/sticker_665252.webp
665251,2025-02-02T18:04:01+00:00,text,I am beating the muaz scoree haha,
665250,2025-02-02T18:03:58+00:00,text,Ha ha...,
665249,2025-02-02T18:03:47+00:00,text,Loll üòÇ,
665248,2025-02-02T18:03:34+00:00,text,Yeahhh üòÇ,
665247,2025-02-02T18:03:30+00:00,text,Ha ha ü§£üòÇ,
665246,2025-02-02T18:03:24+00:00,text,"Investment one dairy milk 
Reward:- ()",
665245,2025-02-02T18:03:23+00:00,text,Diya told me say if u come then I'll come to chat... Now see .. she's playing with kittensüôÇüòê,
665244,2025-02-02T18:03:13+00:00,text,Heavy driver üòÇ,
665243,2025-02-02T18:03:00+00:00,text,See you tomorrow I will be with my this lambo,
665242,2025-02-02T18:02:59+00:00,text,Took a cadbury silk and...find out someone üòÇluckyyy come in west bengal,
665241,2025-02-02T18:02:41+00:00,sticker,[STICKER] BAADAgAD9ykAApU3CEk-3UOnyPCULQI,media/sticker_665241.webp
665240,2025-02-02T18:02:37+00:00,text,That's right alsoüòÇ,
665239,2025-02-02T18:02:30+00:00,text,Haha üòÇ,
665238,2025-02-02T18:02:20+00:00,text,No no..it's valentine find out day,
665237,2025-02-02T18:02:00+00:00,text,Yeah üòÅ,
665236,2025-02-02T18:01:49+00:00,text,Big*,
665235,2025-02-02T18:01:48+00:00,sticker,[STICKER] CAADBAADzhQAAk-I2FMWBFLG04PWFgI,media/sticker_665235.webp
665234,2025-02-02T18:01:46+00:00,text,Sorry my autocorrect üò≠üò≠üò≠,
665233,2025-02-02T18:01:46+00:00,text,Tomorrow is bengalis valentines day,
665232,2025-02-02T18:01:39+00:00,sticker,[STICKER] CAADBQADfwYAAs6A6VUddC1jYB4hJAI,media/sticker_665232.webp
665231,2025-02-02T18:01:36+00:00,text,Dig?,
665230,2025-02-02T18:01:29+00:00,text,Good night budddyy,
665229,2025-02-02T18:01:26+00:00,text,Tomorrow is the dig day,
665228,2025-02-02T18:01:18+00:00,text,Good night üåÉ,
665227,2025-02-02T18:01:06+00:00,text,Good night guys,
665226,2025-02-02T18:00:36+00:00,text,Ok,
665225,2025-02-02T18:00:30+00:00,text,Check dmmm budddy,
665224,2025-02-02T18:00:12+00:00,sticker,[STICKER] BAADAQADrAMAAs-6KUa4gWEbeRosEwI,media/sticker_665224.webp
665223,2025-02-02T18:00:03+00:00,text,Lol minee üòÇ,
665222,2025-02-02T17:59:56+00:00,text,Previous season table topper,
665221,2025-02-02T17:59:43+00:00,text,Don't copy it's mone dilogue,
665220,2025-02-02T17:59:27+00:00,text,Ant,
665219,2025-02-02T17:59:24+00:00,text,üôÇ,
665218,2025-02-02T17:59:20+00:00,text,My autocorrect kill me one day,
665217,2025-02-02T17:59:19+00:00,text,Who are u,
665216,2025-02-02T17:59:05+00:00,text,Loll üòÇ,
665214,2025-02-02T17:58:56+00:00,text,Yo it's me... But didnt wear that noob costumeüò≠,
665213,2025-02-02T17:58:51+00:00,text,Meaningless reply,
665212,2025-02-02T17:58:49+00:00,text,I know why I gave,
665211,2025-02-02T17:58:42+00:00,text,Heh,
665210,2025-02-02T17:58:35+00:00,text,Haha üåöüåù,
665209,2025-02-02T17:58:35+00:00,text,Under construction,
665208,2025-02-02T17:58:32+00:00,text,No need milu,
665207,2025-02-02T17:58:17+00:00,text,What!! Am I say anything about this,
665206,2025-02-02T17:58:16+00:00,text,Well the interface has changed,
665205,2025-02-02T17:58:12+00:00,text,Lucky,
665204,2025-02-02T17:58:09+00:00,photo,[PHOTO],media/photo_665204.jpg
665203,2025-02-02T17:57:59+00:00,sticker,[STICKER] CAADBAADzhQAAk-I2FMWBFLG04PWFgI,media/sticker_665203.webp
665202,2025-02-02T17:57:57+00:00,sticker,[STICKER] CAADBQAD6wkAAnkD6VUJvKO7NoEwhgI,media/sticker_665202.webp
665201,2025-02-02T17:57:56+00:00,text,Fly with meeee,
665200,2025-02-02T17:57:55+00:00,text,In real life out of ur bugdet,
665199,2025-02-02T17:57:55+00:00,text,Thanks,
665198,2025-02-02T17:57:50+00:00,text,‚ù§Ô∏è,
665197,2025-02-02T17:57:48+00:00,text,Support budddy,
665196,2025-02-02T17:57:47+00:00,text,Fly highhh to moon,
665194,2025-02-02T17:57:40+00:00,sticker,[STICKER] CAADBAADShcAAngTsFI10a5sGl3A1wI,media/sticker_665194.webp
665193,2025-02-02T17:57:36+00:00,text,Support Genesis,
665192,2025-02-02T17:57:24+00:00,text,I'm poor buddy üò≠,
665191,2025-02-02T17:57:14+00:00,text,Ha ha,
665190,2025-02-02T17:57:04+00:00,text,Too much rich boyy,
665189,2025-02-02T17:57:02+00:00,text,Good by guys see you later,
665188,2025-02-02T17:56:59+00:00,photo,[PHOTO],media/photo_665188.jpg
665187,2025-02-02T17:56:54+00:00,text,Not at all,
665186,2025-02-02T17:56:45+00:00,text,Are you feel tired ??,
665185,2025-02-02T17:56:39+00:00,sticker,[STICKER] CAADBQAD6wkAAnkD6VUJvKO7NoEwhgI,media/sticker_665185.webp
665184,2025-02-02T17:56:37+00:00,text,I am going to game for sending request to them,
665183,2025-02-02T17:56:35+00:00,sticker,[STICKER] CAADBAADfhgAAji5eFOhuyuu8mKCLAI,media/sticker_665183.webp
665182,2025-02-02T17:56:31+00:00,text,Staying here?,
665181,2025-02-02T17:56:25+00:00,text,üò≠,
665180,2025-02-02T17:56:23+00:00,text,So what do I do,
665179,2025-02-02T17:56:22+00:00,text,Nope nope....I am here,
665177,2025-02-02T17:56:20+00:00,sticker,[STICKER] CAADBQADlQkAAlLpqFXnfK2r9UEoNAI,media/sticker_665177.webp
665176,2025-02-02T17:56:14+00:00,text,Not even my pizza,
665175,2025-02-02T17:56:12+00:00,text,Restriction,
665174,2025-02-02T17:56:11+00:00,text,No no,
665173,2025-02-02T17:56:11+00:00,text,2063245688,
665172,2025-02-02T17:56:08+00:00,text,None is replying me,
665171,2025-02-02T17:56:06+00:00,text,?? Exchange,
665170,2025-02-02T17:56:02+00:00,sticker,[STICKER] CAADBQADhQgAAgy5qFXijHbbQLzIGgI,media/sticker_665170.webp
665169,2025-02-02T17:55:56+00:00,text,Why waittt,
665168,2025-02-02T17:55:50+00:00,text,So many players come come I feel old days night üòÇüòÇ,
665167,2025-02-02T17:55:48+00:00,text,I seen it to you haha.....follow this group you get each and every movie,
665166,2025-02-02T17:55:45+00:00,text,Good night then,
665165,2025-02-02T17:55:41+00:00,text,Okay buddys,
665163,2025-02-02T17:55:37+00:00,text,All FF players are active,
665162,2025-02-02T17:55:21+00:00,text,See dm buddy,
665161,2025-02-02T17:55:20+00:00,text,2705635907 this one my uid,
665160,2025-02-02T17:55:20+00:00,text,Request bro,
665159,2025-02-02T17:55:15+00:00,text,If u play,
665157,2025-02-02T17:55:12+00:00,text,"Ull become, I know",
665156,2025-02-02T17:55:10+00:00,sticker,[STICKER] CAADBQADhQgAAgy5qFXijHbbQLzIGgI,media/sticker_665156.webp
665155,2025-02-02T17:55:05+00:00,sticker,[STICKER] CAADBQADlQkAAlLpqFXnfK2r9UEoNAI,media/sticker_665155.webp
665154,2025-02-02T17:55:02+00:00,text,What!?,
665153,2025-02-02T17:54:54+00:00,text,I have installed the after 6 month how i can be a puro ü•∫,
665152,2025-02-02T17:54:54+00:00,text,U too send,
665151,2025-02-02T17:54:47+00:00,sticker,[STICKER] CAADBAADzhQAAk-I2FMWBFLG04PWFgI,media/sticker_665151.webp
665150,2025-02-02T17:54:22+00:00,text,"Well done, send from yours too",
665149,2025-02-02T17:54:22+00:00,text,How you got it...hall shoot!!,
665148,2025-02-02T17:54:09+00:00,text,Yeahh,
665147,2025-02-02T17:54:03+00:00,text,I send you from nxt aritra,
665146,2025-02-02T17:54:03+00:00,text,Piroo,
665145,2025-02-02T17:53:59+00:00,text,Marco?,
665144,2025-02-02T17:53:54+00:00,text,Where,
665143,2025-02-02T17:53:53+00:00,text,Sorry my level is 66 I have checked just üòÇüòÇüòÇ,
665142,2025-02-02T17:53:49+00:00,text,The movie is in my gallery now,
665141,2025-02-02T17:53:46+00:00,sticker,[STICKER] CAADBQADIAkAAjZOmVUGlZ4zKPqvLwI,media/sticker_665141.webp
665140,2025-02-02T17:53:38+00:00,text,Yeah budddy,
665138,2025-02-02T17:53:35+00:00,text,üòÇgamers will be gamers,
665137,2025-02-02T17:53:27+00:00,file,[FILE] 31_sad.mp4,media/video_665137.mp4
665136,2025-02-02T17:53:02+00:00,text,Okk boy done,
665135,2025-02-02T17:52:50+00:00,text,Now will u play??üòÇ,
665134,2025-02-02T17:52:45+00:00,text,Together we push Genesis on top üòä,
665133,2025-02-02T17:52:36+00:00,text,Yeah cool üòÅ we will all play some day we r already a squad,
665131,2025-02-02T17:52:24+00:00,text,Why do u play from his account?,
665130,2025-02-02T17:52:24+00:00,text,Are you watch that movie marco,
665129,2025-02-02T17:52:17+00:00,text,Keep sprit,
665128,2025-02-02T17:52:05+00:00,sticker,[STICKER] CAADBQADGxQAAgGU6VTFlRo8DyxW0QI,media/sticker_665128.webp
665127,2025-02-02T17:52:00+00:00,text,keep supportüí™,
665126,2025-02-02T17:51:59+00:00,text,Wait I will come,
665125,2025-02-02T17:51:52+00:00,text,To the moon,
665124,2025-02-02T17:51:50+00:00,text,Marco and NXT ARITRA OKKK,
665123,2025-02-02T17:51:48+00:00,text,2063245688,
665122,2025-02-02T17:51:45+00:00,text,Lfg,
665121,2025-02-02T17:51:31+00:00,text,My ingame name is marco...but I will send request from two account mine and aritra also,
665120,2025-02-02T17:51:30+00:00,text,Offline for soo long I miss itüòå,
665119,2025-02-02T17:51:22+00:00,text,Whha,
665118,2025-02-02T17:51:02+00:00,text,"Haha, just tell me ur name I'll add you back in few months after getting a new phone",
665117,2025-02-02T17:50:34+00:00,text,Oh sry üòÇ,
665116,2025-02-02T17:50:31+00:00,text,üò≥üò≥üò≥üò≥üò≥üò≥,
665115,2025-02-02T17:50:20+00:00,text,Bro,
665114,2025-02-02T17:50:11+00:00,text,WhyüôÇ,
665113,2025-02-02T17:50:07+00:00,text,I don't have whatsapp that's why I don't know,
665112,2025-02-02T17:50:07+00:00,text,Ok buddddy,
665111,2025-02-02T17:50:00+00:00,text,Wait I'll give,
665110,2025-02-02T17:49:45+00:00,text,You give me uid ??,
665109,2025-02-02T17:49:30+00:00,text,Adjust bro under construction,
665108,2025-02-02T17:49:28+00:00,text,Bro u sent me req?,
665107,2025-02-02T17:49:18+00:00,text,Haven't u heard about whatsapp dp sir?üôÇ,
665106,2025-02-02T17:49:14+00:00,text,Bro I am confused üòï,
665105,2025-02-02T17:49:12+00:00,text,I'm sending,
665104,2025-02-02T17:49:08+00:00,text,"Ooh nice,btw same level if im correct",
665103,2025-02-02T17:49:04+00:00,text,Haha okkk,
665102,2025-02-02T17:48:53+00:00,text,PfpüôÇ,
665101,2025-02-02T17:48:40+00:00,text,Dp means?,
665100,2025-02-02T17:48:39+00:00,text,He will uninstall it againüòÇ,
665099,2025-02-02T17:48:39+00:00,text,Haha yesss,
665098,2025-02-02T17:48:37+00:00,text,"64...
But Just I'd is mine  brother paly on my I'd. I'm a guest for some days üòÇüòÇ",
665097,2025-02-02T17:48:31+00:00,text,Dejavu will happen again,
665096,2025-02-02T17:48:28+00:00,text,Give me uidd  üò≠,
665095,2025-02-02T17:48:21+00:00,text,keep supportüí™,
665094,2025-02-02T17:48:12+00:00,text,I am getting deja vu now...this is happened with somedays ago üòÇ,
665093,2025-02-02T17:48:11+00:00,text,Dp is available üòÇ,
665092,2025-02-02T17:48:05+00:00,text,Ok she üòÅ,
665091,2025-02-02T17:47:53+00:00,text,Mili,
665090,2025-02-02T17:47:49+00:00,sticker,[STICKER] BAADBQAD4BUAAuXACFeCKFalvLNJbwI,media/sticker_665090.webp
665089,2025-02-02T17:47:48+00:00,sticker,[STICKER] BAADBQADNAwAAlieaVfKcT-Bk1cfbgI,media/sticker_665089.webp
665088,2025-02-02T17:47:45+00:00,text,Yes I have installed it today,
665087,2025-02-02T17:47:45+00:00,text,Not u sirüòÇ but meeüòÇüòÇ,
665086,2025-02-02T17:47:44+00:00,text,Maybe,
665085,2025-02-02T17:47:44+00:00,text,Gud job,
665084,2025-02-02T17:47:33+00:00,text,Nooo she is not a boyy,
665083,2025-02-02T17:47:32+00:00,text,Who??? Mili or pizza?,
665082,2025-02-02T17:47:29+00:00,text,for another lift tomorrow,
665081,2025-02-02T17:47:18+00:00,text,productive day,
665080,2025-02-02T17:47:13+00:00,text,Yes almost,
665079,2025-02-02T17:47:10+00:00,text,that's true,
665078,2025-02-02T17:47:05+00:00,text,Oh,
665077,2025-02-02T17:47:04+00:00,sticker,[STICKER] BAADAQADrAMAAs-6KUa4gWEbeRosEwI,media/sticker_665077.webp
665076,2025-02-02T17:47:00+00:00,text,But we have to wake up early tomorrow,
665075,2025-02-02T17:46:52+00:00,text,Are you boy right?,
665074,2025-02-02T17:46:51+00:00,text,push üñêüëâ lift üöÄ,
665073,2025-02-02T17:46:46+00:00,text,midnight already,
665072,2025-02-02T17:46:46+00:00,text,üòÉ,
665071,2025-02-02T17:46:45+00:00,sticker,[STICKER] BAADBQADKhEAAsSGCFV3Rmrg1A5v1AI,media/sticker_665071.webp
665070,2025-02-02T17:46:44+00:00,text,Tell me about your day,
665069,2025-02-02T17:46:42+00:00,text,go to sleep guys,
665068,2025-02-02T17:46:40+00:00,sticker,[STICKER] CAADBAADShcAAngTsFI10a5sGl3A1wI,media/sticker_665068.webp
665067,2025-02-02T17:46:35+00:00,text,HehewüòÅ,
665066,2025-02-02T17:46:32+00:00,text,Yeah miluuu,
665065,2025-02-02T17:46:31+00:00,text,Funny guy ü§™,
665064,2025-02-02T17:46:28+00:00,text,Muaz is gone now haha,
665063,2025-02-02T17:46:24+00:00,text,Talk to me pizzaaüò¢,
665062,2025-02-02T17:46:21+00:00,file,[FILE] animation.gif.mp4,media/video_665062.mp4
665061,2025-02-02T17:46:11+00:00,sticker,[STICKER] BAADBQADNAwAAlieaVfKcT-Bk1cfbgI,media/sticker_665061.webp
665060,2025-02-02T17:46:01+00:00,text,Ok brothe,
665059,2025-02-02T17:46:00+00:00,sticker,[STICKER] CAADBQADnAMAAlzzSVbG7NogLEJIkAI,media/sticker_665059.webp
665058,2025-02-02T17:45:59+00:00,text,Haha ok budddy,
665057,2025-02-02T17:45:30+00:00,text,"Likhen (write down- india, west bengal , Durgapur, FCI forest, near a pond...beside Smuggling building)",
665056,2025-02-02T17:45:25+00:00,sticker,[STICKER] CAADBQAD4wgAAin56FWVhx-HShpefQI,media/sticker_665056.webp
665055,2025-02-02T17:45:17+00:00,text,I am noob in mobile legends,
665054,2025-02-02T17:45:00+00:00,sticker,[STICKER] CAADAgADmgAD9wLID9HVBvL9etQ4Ag,media/sticker_665054.webp
665053,2025-02-02T17:44:56+00:00,text,Uid also available in pubg that's why sir,
665052,2025-02-02T17:44:28+00:00,text,Ok den,
665051,2025-02-02T17:44:20+00:00,text,Whmm,
665050,2025-02-02T17:44:16+00:00,text,Then why are you asking? ?,
665049,2025-02-02T17:44:14+00:00,text,Mobile legends?,
665048,2025-02-02T17:44:00+00:00,sticker,[STICKER] CAADBQADvAgAArf36VVsjqj2OPnH2wI,media/sticker_665048.webp
665047,2025-02-02T17:43:54+00:00,text,Anyone mlbb player come on üòó,
665046,2025-02-02T17:43:52+00:00,text,I am also ff playerüòÜ,
665045,2025-02-02T17:43:40+00:00,text,Yeah budddy üòÇ,
665044,2025-02-02T17:43:34+00:00,text,üò¢so much top up,
665043,2025-02-02T17:43:32+00:00,sticker,[STICKER] CAADBQADswcAArya6VUblWPLSz9xywI,media/sticker_665043.webp
665042,2025-02-02T17:43:31+00:00,text,The id no. In ff,
665041,2025-02-02T17:43:19+00:00,text,Uid means?,
665040,2025-02-02T17:43:11+00:00,sticker,[STICKER] BAADBAADNSYAAnIsAVNuYC_flEh7qgI,media/sticker_665040.webp
665039,2025-02-02T17:43:08+00:00,text,Haha yeah üôÇ20k account lost,
665038,2025-02-02T17:43:04+00:00,text,Hahaha,
665037,2025-02-02T17:43:04+00:00,sticker,[STICKER] CAADBQAD8wcAAh_36FXCYsOZTzCFPAI,media/sticker_665037.webp
665036,2025-02-02T17:43:02+00:00,text,UidüôÇ,
665035,2025-02-02T17:42:55+00:00,text,Kano vaiüòÇ,
665034,2025-02-02T17:42:45+00:00,text,Sanjib is gone....without giving his uid üôÇ,
665033,2025-02-02T17:42:43+00:00,text,Wb,
665032,2025-02-02T17:42:37+00:00,text,Ok ‚úÖÔ∏è,
665031,2025-02-02T17:42:34+00:00,text,If I say it's french üôÇ,
665030,2025-02-02T17:42:21+00:00,text,I give you her addres ok...let's come one day üòÇ,
665029,2025-02-02T17:42:20+00:00,text,Where is your home in India?,
665028,2025-02-02T17:42:20+00:00,text,No hii only dm,
665027,2025-02-02T17:42:09+00:00,text,Good night,
665026,2025-02-02T17:42:08+00:00,text,Hi üòæ,
665025,2025-02-02T17:42:06+00:00,text,Yes,
665024,2025-02-02T17:42:02+00:00,text,U go first üòÉ,
665023,2025-02-02T17:41:59+00:00,text,Good night sir,
665022,2025-02-02T17:41:56+00:00,text,Acc lost?,
665021,2025-02-02T17:41:54+00:00,text,Oh,
665020,2025-02-02T17:41:51+00:00,text,Yeahh üòÇ,
665019,2025-02-02T17:41:50+00:00,text,Good night,
665018,2025-02-02T17:41:45+00:00,text,From India,
665017,2025-02-02T17:41:45+00:00,sticker,[STICKER] BAADBQADUxMAAh3ICFc6ZEF_wIvKkgI,media/sticker_665017.webp
665016,2025-02-02T17:41:45+00:00,text,Viral girl üòÑ,
665015,2025-02-02T17:41:43+00:00,text,Goodnight Ants!,
665014,2025-02-02T17:41:42+00:00,text,57 üò≠Haha....Sad stroy behind it,
665013,2025-02-02T17:41:37+00:00,text,Nah dear. üòÅ‚ù§Ô∏è,
665012,2025-02-02T17:41:32+00:00,text,Where are you from?,
665011,2025-02-02T17:41:31+00:00,text,Your level is,
665010,2025-02-02T17:41:23+00:00,text,Your fan is everywhere,
665009,2025-02-02T17:41:19+00:00,sticker,[STICKER] CAADBQAD3AcAAoMvaFYUd7yNmnK48QI,media/sticker_665009.webp
665008,2025-02-02T17:41:19+00:00,text,Your level,
665007,2025-02-02T17:41:06+00:00,text,Hi sir üòä,
665006,2025-02-02T17:41:05+00:00,text,Give me uid bruuuuu,
665005,2025-02-02T17:41:03+00:00,text,Scan n pay now,
665004,2025-02-02T17:41:01+00:00,text,Really????,
665003,2025-02-02T17:40:54+00:00,sticker,[STICKER] CAADBQADBgQAAuP3iFZkjKzdR_ow-wI,media/sticker_665003.webp
665002,2025-02-02T17:40:51+00:00,text,Ff,
665001,2025-02-02T17:40:51+00:00,text,Na na this is urdu buddy,
665000,2025-02-02T17:40:48+00:00,photo,[PHOTO],media/photo_665000.jpg
664999,2025-02-02T17:40:47+00:00,text,Mobile game buddy üòÇüòÇ,
664998,2025-02-02T17:40:44+00:00,text,YepüòÅ,
664997,2025-02-02T17:40:38+00:00,text,Spot,
664996,2025-02-02T17:40:38+00:00,text,Hi It's mili,
664995,2025-02-02T17:40:37+00:00,text,Where BRO,
664994,2025-02-02T17:40:36+00:00,text,Ur,
664993,2025-02-02T17:40:35+00:00,text,Which game buddy??,
664992,2025-02-02T17:40:33+00:00,text,Lets talk in  inglish,
664991,2025-02-02T17:40:25+00:00,sticker,[STICKER] CAADBAADfhgAAji5eFOhuyuu8mKCLAI,media/sticker_664991.webp
664990,2025-02-02T17:40:21+00:00,text,I am using too much sticker üôÇ,
664989,2025-02-02T17:40:18+00:00,text,Playing game now as because I'm in 2 days holiday,
664988,2025-02-02T17:40:12+00:00,text,I'm tired to study but not to chattüòÇ,
664987,2025-02-02T17:40:06+00:00,sticker,[STICKER] CAADBAADGRYAAg7SmFJE9jX4yP6ciwI,media/sticker_664987.webp
664986,2025-02-02T17:40:02+00:00,text,Yeah ofcourse,
664985,2025-02-02T17:39:56+00:00,text,What's up dude,
664984,2025-02-02T17:39:52+00:00,sticker,[STICKER] CAADBAADzhQAAk-I2FMWBFLG04PWFgI,media/sticker_664984.webp
664983,2025-02-02T17:39:51+00:00,text,You go bankura and come but yo did not tired whyyyyy,
664982,2025-02-02T17:39:47+00:00,text,Hello üëã,
664981,2025-02-02T17:39:46+00:00,text,We want next shiba inu ü•≤,
664980,2025-02-02T17:39:39+00:00,text,Ops! Should I ??üòÇ,
664979,2025-02-02T17:39:29+00:00,sticker,[STICKER] CAADBAADzhQAAk-I2FMWBFLG04PWFgI,media/sticker_664979.webp
664978,2025-02-02T17:39:29+00:00,text,Uhmm,
664977,2025-02-02T17:39:27+00:00,text,Whyyy,
664976,2025-02-02T17:39:22+00:00,text,Oh funding,
664975,2025-02-02T17:39:21+00:00,sticker,[STICKER] CAADBAADvhgAAsW1MVCzocdWazbDbQI,media/sticker_664975.webp
664974,2025-02-02T17:39:19+00:00,text,Nah,
664973,2025-02-02T17:39:18+00:00,sticker,[STICKER] BAADBQAD2w8AAkS6SFTWs0tx-wWlCQI,media/sticker_664973.webp
664972,2025-02-02T17:39:15+00:00,text,Kha,
664971,2025-02-02T17:39:13+00:00,text,Milu are u tired ??,
664970,2025-02-02T17:39:12+00:00,text,Yeah seems soüòÇ,
664969,2025-02-02T17:39:10+00:00,text,Mexc ü´°,
664968,2025-02-02T17:39:02+00:00,text,All are tired now,
664967,2025-02-02T17:38:57+00:00,text,Go to moon,
664965,2025-02-02T17:38:50+00:00,text,Push buddddy üåöüåù,
664964,2025-02-02T17:38:40+00:00,text,Where r u all bangladeshi vailogs,
664963,2025-02-02T17:38:39+00:00,text,Wich acc bri,
664962,2025-02-02T17:38:30+00:00,text,Let's push together,
664961,2025-02-02T17:38:15+00:00,sticker,[STICKER] CAADBQADBgQAAuP3iFZkjKzdR_ow-wI,media/sticker_664961.webp
664960,2025-02-02T17:38:14+00:00,text,But rank to barate hbüòÇ,
664959,2025-02-02T17:38:11+00:00,text,45,
664958,2025-02-02T17:37:43+00:00,text,Exactly üíØüòÇ,
664957,2025-02-02T17:37:33+00:00,text,Zenox how much usdt in your acc?,
664956,2025-02-02T17:37:30+00:00,sticker,[STICKER] CAADBAADShcAAngTsFI10a5sGl3A1wI,media/sticker_664956.webp
664954,2025-02-02T17:37:00+00:00,sticker,[STICKER] CAADBQADBgQAAuP3iFZkjKzdR_ow-wI,media/sticker_664954.webp
664953,2025-02-02T17:36:53+00:00,text,@Muaaz_ahmed do u have bidi this time,
664952,2025-02-02T17:36:46+00:00,text,Hello sir üôÇ,
664951,2025-02-02T17:36:38+00:00,sticker,[STICKER] CAADAgADogADwZxgDBnYKmqQQ15fAg,media/sticker_664951.webp
664950,2025-02-02T17:36:34+00:00,sticker,[STICKER] CAADBAADGRYAAg7SmFJE9jX4yP6ciwI,media/sticker_664950.webp
664949,2025-02-02T17:36:30+00:00,text,Exam is coming and I am playing ff and do chatting here üò≠,
664948,2025-02-02T17:36:04+00:00,text,Meanwhile,
664947,2025-02-02T17:35:42+00:00,text,Seems like you are so happy now üòÅ,
664946,2025-02-02T17:35:40+00:00,text,keep supportüí™,
664945,2025-02-02T17:35:35+00:00,sticker,[STICKER] CAADBQADOQgAAq5q6FUHmn1BUvZfDgI,media/sticker_664945.webp
664944,2025-02-02T17:35:24+00:00,text,Haha push your rank to the moon,
664943,2025-02-02T17:35:22+00:00,sticker,[STICKER] CAADBAADZhQAAtei2VJAyb9RqB_zbgI,media/sticker_664943.webp
664942,2025-02-02T17:35:02+00:00,text,Lift to the moon üåôüåù,
664941,2025-02-02T17:34:56+00:00,file,[FILE] -2147483648_-210104.jpg,media/doc_664941.bin
664940,2025-02-02T17:34:49+00:00,text,Push budddy,
664939,2025-02-02T17:34:42+00:00,text,Thanks sir. For not to come againüòÇ,
664938,2025-02-02T17:34:28+00:00,text,keep supportüí™,
664937,2025-02-02T17:34:22+00:00,sticker,[STICKER] BAADBQADzBAAAnX7EVWHAQABoe8hwwYC,media/sticker_664937.webp
664936,2025-02-02T17:34:21+00:00,sticker,[STICKER] BAADBAADRBgAAqWNMFN85C6KxhF6ogI,media/sticker_664936.webp
664935,2025-02-02T17:34:17+00:00,sticker,[STICKER] BAADBQADHAYAAk6cyFZoW_fnYB4U3QI,media/sticker_664935.webp
664934,2025-02-02T17:34:03+00:00,text,Controllll,
664933,2025-02-02T17:34:02+00:00,text,Good,
664932,2025-02-02T17:33:50+00:00,text,Haha,
664931,2025-02-02T17:33:40+00:00,sticker,[STICKER] CAADBQAD2g0AAo4H4FR_4-ob8Lez2QI,media/sticker_664931.webp
664930,2025-02-02T17:33:34+00:00,text,Ohh. Okay,
664929,2025-02-02T17:33:31+00:00,sticker,[STICKER] CAADBAADTQ0AAoHiUFHmAqygEA-P-QI,media/sticker_664929.webp
664928,2025-02-02T17:33:24+00:00,sticker,[STICKER] CAADBAADzhQAAk-I2FMWBFLG04PWFgI,media/sticker_664928.webp
664927,2025-02-02T17:33:23+00:00,text,Bruh ü§ì,
664926,2025-02-02T17:33:21+00:00,text,I told him,
664925,2025-02-02T17:33:19+00:00,text,ohh okay,
664924,2025-02-02T17:33:10+00:00,text,Maybe they are on picnic üòÇ,
664923,2025-02-02T17:33:09+00:00,text,Chicken sausage,
664922,2025-02-02T17:33:00+00:00,text,Haha üòÇ,
664921,2025-02-02T17:32:55+00:00,text,whats that on the pizza?,
664920,2025-02-02T17:32:48+00:00,text,Not hungry,
664919,2025-02-02T17:32:43+00:00,text,Making me hungry after dinner heh,
664918,2025-02-02T17:32:38+00:00,text,But it's all boys needed üò≠,
664917,2025-02-02T17:32:35+00:00,sticker,[STICKER] BAADBQADqxUAAne5EFVphIn652slQAI,media/sticker_664917.webp
664916,2025-02-02T17:32:27+00:00,sticker,[STICKER] BAADBQADzBAAAnX7EVWHAQABoe8hwwYC,media/sticker_664916.webp
664915,2025-02-02T17:32:23+00:00,text,Good night too bro,
664914,2025-02-02T17:32:22+00:00,text,U don't need more food üòÉ,
664913,2025-02-02T17:32:14+00:00,photo,[PHOTO],media/photo_664913.jpg
664912,2025-02-02T17:32:11+00:00,text,You are looking very fat brother,
664911,2025-02-02T17:32:08+00:00,text,Yeah I did,
664910,2025-02-02T17:32:05+00:00,text,Night,
664909,2025-02-02T17:31:54+00:00,text,You can simply interact here by actively chatting with the mememcore community.,
664908,2025-02-02T17:31:47+00:00,text,Don't give up,
664907,2025-02-02T17:31:38+00:00,text,You?,
664906,2025-02-02T17:31:31+00:00,text,No but soon,
664905,2025-02-02T17:31:03+00:00,text,"Yo,did dinner?",
664904,2025-02-02T17:31:01+00:00,sticker,[STICKER] BAADBAADexUAAkejCVNXPSJ4GPFRjQI,media/sticker_664904.webp
664903,2025-02-02T17:30:59+00:00,text,Maybe something what's need at night üòã,
664902,2025-02-02T17:30:58+00:00,text,Push the rank.. To the top again,
664901,2025-02-02T17:30:40+00:00,sticker,[STICKER] BAADBQADhRAAAtLlEFVjm-H0SPxIbgI,media/sticker_664901.webp
664900,2025-02-02T17:30:38+00:00,text,Adjust plz completing soon,
664899,2025-02-02T17:30:36+00:00,sticker,[STICKER] CAADBQADGxQAAgGU6VTFlRo8DyxW0QI,media/sticker_664899.webp
664898,2025-02-02T17:30:36+00:00,sticker,[STICKER] BAADBQADZRAAAujomVe2WwknUWKgxQI,media/sticker_664898.webp
664897,2025-02-02T17:30:34+00:00,text,Together to the moon,
664896,2025-02-02T17:30:33+00:00,text,Yo yo....ü§°,
664895,2025-02-02T17:30:31+00:00,text,I don‚Äôt even know,
664894,2025-02-02T17:30:16+00:00,text,Haha Sanjib is here üòπ,
664893,2025-02-02T17:30:13+00:00,sticker,[STICKER] BAADBQADeBcAAkybCFXNrifQ_IZJlwI,media/sticker_664893.webp
664892,2025-02-02T17:30:10+00:00,text,Ummm...üòµ‚Äçüí´,
664891,2025-02-02T17:30:07+00:00,text,We are hard working ants,
664890,2025-02-02T17:30:01+00:00,text,What u want to eat bro,
664888,2025-02-02T17:29:56+00:00,text,Stay active,
664887,2025-02-02T17:29:54+00:00,text,"Lol.. even though I was told that, I got it like thatüòí",
664886,2025-02-02T17:29:54+00:00,text,What the üòÅ,
664885,2025-02-02T17:29:52+00:00,text,Fly high for Genesis,
664884,2025-02-02T17:29:45+00:00,text,Thanks,
664883,2025-02-02T17:29:44+00:00,text,Under construction,
664882,2025-02-02T17:29:39+00:00,text,Bye,
664881,2025-02-02T17:29:38+00:00,text,Ok,
664880,2025-02-02T17:29:37+00:00,text,Good luck mate,
664879,2025-02-02T17:29:34+00:00,text,Why's that?,
664878,2025-02-02T17:29:33+00:00,sticker,[STICKER] CAADBQAD3AcAAoMvaFYUd7yNmnK48QI,media/sticker_664878.webp
664877,2025-02-02T17:29:31+00:00,text,Genesis is the best,
664876,2025-02-02T17:29:29+00:00,sticker,[STICKER] CAADBQAD8QUAAoAzgVR14wcS901VogI,media/sticker_664876.webp
664875,2025-02-02T17:29:29+00:00,text,Hsc,
664874,2025-02-02T17:29:26+00:00,text,ü´¶ü´¶,
664873,2025-02-02T17:29:21+00:00,text,keep push togetherüë¨üë´üë≠,
664872,2025-02-02T17:29:17+00:00,sticker,[STICKER] BAADBQADhRAAAtLlEFVjm-H0SPxIbgI,media/sticker_664872.webp
664871,2025-02-02T17:29:14+00:00,sticker,[STICKER] BAADBQADLQ0AAoHJMFV8laWbaOLe7gI,media/sticker_664871.webp
664870,2025-02-02T17:29:10+00:00,text,Before 12am we can't stop sending msg,
664869,2025-02-02T17:29:06+00:00,text,Ok budddy then byeee,
664868,2025-02-02T17:29:03+00:00,text,Work hard together,
664867,2025-02-02T17:29:02+00:00,text,Ssc or hsc(,
664866,2025-02-02T17:28:50+00:00,text,"Exam are coming, so I have to study",
664865,2025-02-02T17:28:49+00:00,text,Yes,
664864,2025-02-02T17:28:38+00:00,sticker,[STICKER] BAADBQADqxUAAne5EFVphIn652slQAI,media/sticker_664864.webp
664863,2025-02-02T17:28:35+00:00,sticker,[STICKER] CAADBQAD-gYAAqpP6FUPNqXCzpLx2QI,media/sticker_664863.webp
664862,2025-02-02T17:28:29+00:00,text,Your name should be in the top 50 members decided by the highest number of msgs sent,
664861,2025-02-02T17:28:28+00:00,text,Just stay active and chat tasya and claim up rank,
664860,2025-02-02T17:28:25+00:00,text,Whyy,
664859,2025-02-02T17:28:21+00:00,text,U drama?!,
664858,2025-02-02T17:28:19+00:00,sticker,[STICKER] CAADBQADBgQAAuP3iFZkjKzdR_ow-wI,media/sticker_664858.webp
664857,2025-02-02T17:28:19+00:00,text,Not interested anymore üòî,
664856,2025-02-02T17:28:11+00:00,text,you need to end your rank under 50 to win the contest,
664855,2025-02-02T17:28:09+00:00,text,"If you don't want to be tagged, follow the rules, bro haha lolüòÇ",
664854,2025-02-02T17:28:09+00:00,text,Let's work hard,
664853,2025-02-02T17:28:05+00:00,text,Why bro,
664852,2025-02-02T17:28:01+00:00,text,Stay safe,
664851,2025-02-02T17:27:58+00:00,text,Mm let me donate some food üòÇ,
664850,2025-02-02T17:27:49+00:00,text,yess buddy,
664849,2025-02-02T17:27:48+00:00,text,Stay healthy,
664848,2025-02-02T17:27:46+00:00,text,Please Guys teach me how to win event,
664847,2025-02-02T17:27:45+00:00,text,"I will stop sending sms  from now , have Fun üòä",
664846,2025-02-02T17:27:40+00:00,text,Donate,
664845,2025-02-02T17:27:38+00:00,sticker,[STICKER] BAADBAADexUAAkejCVNXPSJ4GPFRjQI,media/sticker_664845.webp
664844,2025-02-02T17:27:36+00:00,text,Genesis is on the top,
664843,2025-02-02T17:27:31+00:00,text,"Homeless are fighting, c'mon u need to save themü•≤",
664842,2025-02-02T17:27:31+00:00,text,Let's go to the moon,
664841,2025-02-02T17:27:28+00:00,sticker,[STICKER] CAADBQAD0wMAAnxUGFeIXgHIWZaowwI,media/sticker_664841.webp
664840,2025-02-02T17:27:09+00:00,text,Genesis to the moon üåö,
664839,2025-02-02T17:27:05+00:00,sticker,[STICKER] CAADBQADxBIAAgIT8VTdq-8JWe65GwI,media/sticker_664839.webp
664838,2025-02-02T17:26:59+00:00,sticker,[STICKER] CAADBAADTQ0AAoHiUFHmAqygEA-P-QI,media/sticker_664838.webp
664837,2025-02-02T17:26:53+00:00,text,What u say ü•π,
664836,2025-02-02T17:26:43+00:00,text,Loll üòÇ,
664835,2025-02-02T17:26:36+00:00,text,This guy is really blind and want to make drama.! Don't tag me again if u want Drama here,
664834,2025-02-02T17:26:35+00:00,text,Am using Meta ai bro srry,
664833,2025-02-02T17:26:29+00:00,text,Save them,
664832,2025-02-02T17:26:16+00:00,text,Ewwww what's that brother,
664831,2025-02-02T17:26:10+00:00,text,In real life ?,
664830,2025-02-02T17:26:05+00:00,text,Oh so using your local language is allowed while others are not.. okay then üëå,
664829,2025-02-02T17:26:05+00:00,text,Hi trina,
664828,2025-02-02T17:25:56+00:00,sticker,[STICKER] CAADBQADmwgAAoxz6FUgfbgQTd7x_AI,media/sticker_664828.webp
664826,2025-02-02T17:25:53+00:00,file,[FILE] Unnamed file,media/video_664826.mp4
664825,2025-02-02T17:25:52+00:00,text,Good night see you,
664824,2025-02-02T17:25:44+00:00,text,Lol she is my sis bro,
664823,2025-02-02T17:25:44+00:00,text,Good night lady killer fan,
664822,2025-02-02T17:25:41+00:00,sticker,[STICKER] BAADBQADqxUAAne5EFVphIn652slQAI,media/sticker_664822.webp
664821,2025-02-02T17:25:32+00:00,text,Okay dude,
664820,2025-02-02T17:25:29+00:00,text,What,
664819,2025-02-02T17:25:28+00:00,text,Ohh,
664818,2025-02-02T17:25:27+00:00,text,Lol üòÜ she is now university student who told you class 8,
664817,2025-02-02T17:25:24+00:00,text,2 more dayss,
664816,2025-02-02T17:25:18+00:00,text,Good night everyone ‚ò∫Ô∏è,
664815,2025-02-02T17:25:11+00:00,text,"Anyway bro I enjoyed chatting with you , So I'm out of this campaign, Bye bye ,üíñüíñ, I will not chat anymore , for Time being, Good luck brothers ,",
664814,2025-02-02T17:25:08+00:00,text,What is that brothe,
664813,2025-02-02T17:25:08+00:00,text,Aritra is going to a science trip he is coming here 5th february,
664812,2025-02-02T17:24:55+00:00,sticker,[STICKER] BAADBQAD2w8AAkS6SFTWs0tx-wWlCQI,media/sticker_664812.webp
664811,2025-02-02T17:24:50+00:00,text,ü™î,
664810,2025-02-02T17:24:41+00:00,text,Yeahhh budddy,
664809,2025-02-02T17:24:39+00:00,text,What the,
664808,2025-02-02T17:24:35+00:00,text,"Bro I didn't seen aritra for a while, also sanjib today",
664807,2025-02-02T17:24:34+00:00,text,Maya,
664806,2025-02-02T17:24:30+00:00,text,üòÇ,
664805,2025-02-02T17:24:28+00:00,text,If u chat it'll definitely,
664804,2025-02-02T17:24:28+00:00,text,Who ?,
664803,2025-02-02T17:24:26+00:00,text,Yeah buddy sure,
664802,2025-02-02T17:24:25+00:00,text,‡¶∞‡ßÅ‡¶≤‡¶æ‡¶¶‡¶ø‡¶Ø‡¶º‡¶æ ‡¶®‡¶æ,
664801,2025-02-02T17:24:21+00:00,text,Yeah,
664800,2025-02-02T17:24:16+00:00,text,Fly to the moon guysss,
664799,2025-02-02T17:24:14+00:00,text,Huh???üò≥,
664798,2025-02-02T17:24:08+00:00,text,Rank up,
664797,2025-02-02T17:23:55+00:00,text,üòÅ,
664796,2025-02-02T17:23:52+00:00,text,Our rank is increasing now haha,
664795,2025-02-02T17:23:52+00:00,text,Good,
664794,2025-02-02T17:23:47+00:00,text,HahaaaaüòÅ,
664793,2025-02-02T17:23:46+00:00,text,ya ya,
664792,2025-02-02T17:23:45+00:00,text,Class 8 really üòÖ,
664791,2025-02-02T17:23:36+00:00,text,lets gooo üòé,
664790,2025-02-02T17:23:35+00:00,text,Yeah new for this season üòÇ,
664789,2025-02-02T17:23:28+00:00,text,Go,
664788,2025-02-02T17:23:20+00:00,text,Yes budddy just,
664787,2025-02-02T17:23:14+00:00,text,8 buddy,
664786,2025-02-02T17:23:13+00:00,text,WowüòÅüòÇ,
664785,2025-02-02T17:23:11+00:00,text,"Yess buddy,u?",
664784,2025-02-02T17:23:06+00:00,sticker,[STICKER] BAADBQADzBAAAnX7EVWHAQABoe8hwwYC,media/sticker_664784.webp
664783,2025-02-02T17:23:05+00:00,text,My condition is such that I can't do anything üòê,
664782,2025-02-02T17:23:04+00:00,text,I know is a trend haha üòÑ,
664781,2025-02-02T17:22:59+00:00,text,Lucky had dinner? ?,
664780,2025-02-02T17:22:52+00:00,text,1648,
664779,2025-02-02T17:22:50+00:00,text,Haha üòÇ,
664778,2025-02-02T17:22:40+00:00,sticker,[STICKER] BAADBQADiRIAAoisEFWwucUEi0VcHAI,media/sticker_664778.webp
664777,2025-02-02T17:22:37+00:00,text,Heheeee nice üòÅ‚ù§Ô∏è,
664776,2025-02-02T17:22:35+00:00,text,"Yes , junior boy senior sis love is fantastic, it's my dream also üòÅ",
664775,2025-02-02T17:22:34+00:00,text,1.6k brother,
664774,2025-02-02T17:22:29+00:00,sticker,[STICKER] BAADBQADqxUAAne5EFVphIn652slQAI,media/sticker_664774.webp
664773,2025-02-02T17:21:59+00:00,text,ü§£ seems new here,
664772,2025-02-02T17:21:58+00:00,text,"No at all , why would I",
664771,2025-02-02T17:21:55+00:00,text,Still senior üëÄ,
664770,2025-02-02T17:21:50+00:00,text,üò≠üò≠üò≠,
664769,2025-02-02T17:21:49+00:00,sticker,[STICKER] CAADBQADmAgAAhnm6FV5LBcxUPD0jgI,media/sticker_664769.webp
664768,2025-02-02T17:21:45+00:00,text,Not sister.. he's brother üòÇ,
664767,2025-02-02T17:21:44+00:00,text,"do you want me to write the exact number? i thought you wl use the common sense,ü•≤ sorry my bad",
664766,2025-02-02T17:21:40+00:00,text,Mods are sleeping so people using whatever language they want üòÇüò≠,
664765,2025-02-02T17:21:35+00:00,text,"So what I'm inter 2nd year age doesn't matter,",
664764,2025-02-02T17:21:29+00:00,text,U will do it definitely üòÇ,
664763,2025-02-02T17:21:23+00:00,text,I told him don't worry üò¨,
664762,2025-02-02T17:21:04+00:00,text,who are you sister? did i tag you?,
664761,2025-02-02T17:20:59+00:00,text,"No ,need ,",
664760,2025-02-02T17:20:58+00:00,sticker,[STICKER] CAADBQADmwgAAoxz6FUgfbgQTd7x_AI,media/sticker_664760.webp
664759,2025-02-02T17:20:56+00:00,text,Need surgery to your eyes,
664758,2025-02-02T17:20:53+00:00,text,She is honurs bass 24-25 section,
664757,2025-02-02T17:20:52+00:00,text,What üôÇ,
664756,2025-02-02T17:20:44+00:00,text,I will tell you later ü§´ now he is watching,
664755,2025-02-02T17:20:41+00:00,text,What üôÇ,
664754,2025-02-02T17:20:39+00:00,text,Can't understand what y'all saying errüò¨,
664753,2025-02-02T17:20:36+00:00,text,broooo you have already made 1.8k seriously üôÅ,
664752,2025-02-02T17:20:32+00:00,sticker,[STICKER] CAADBQAD4wgAAl8s8FUuqkEcRalhygI,media/sticker_664752.webp
664751,2025-02-02T17:20:28+00:00,text,What's your problem bro,
664750,2025-02-02T17:20:22+00:00,text,U say she is girl üò≠üò≠,
664749,2025-02-02T17:20:14+00:00,text,Which class u sis??,
664748,2025-02-02T17:20:11+00:00,text,To take his place hehe üòÅ,
664747,2025-02-02T17:20:05+00:00,text,Ahhh C you guys boy,
664746,2025-02-02T17:20:01+00:00,text,After this I want to go now üòÇüòÇüòÇ,
664745,2025-02-02T17:19:56+00:00,text,Why,
664744,2025-02-02T17:19:56+00:00,text,I'm not gay broüò≠üò≠,
664743,2025-02-02T17:19:56+00:00,sticker,[STICKER] BAADBQADqxUAAne5EFVphIn652slQAI,media/sticker_664743.webp
664742,2025-02-02T17:19:52+00:00,text,Sotti blen na,
664741,2025-02-02T17:19:48+00:00,sticker,[STICKER] CAADBQADmwgAAoxz6FUgfbgQTd7x_AI,media/sticker_664741.webp
664740,2025-02-02T17:19:47+00:00,sticker,[STICKER] CAADBQADNAsAAl2_6VXLhlOhAAEpiVcC,media/sticker_664740.webp
664739,2025-02-02T17:19:47+00:00,text,HahaüòÇ,
664738,2025-02-02T17:19:45+00:00,text,‡¶∂‡¶æ‡¶¶‡¶ø ‡¶ï‡¶∞‡ßã‡¶ó‡ßá ‡¶Æ‡ßÅ‡¶ú‡¶∏‡ßá,
664737,2025-02-02T17:19:44+00:00,text,Hobe 50 thake 60,
664736,2025-02-02T17:19:42+00:00,text,hahah leave him ignore him,
664735,2025-02-02T17:19:38+00:00,text,Find new one üòÇ,
664734,2025-02-02T17:19:34+00:00,sticker,[STICKER] CAADBQADGxQAAgGU6VTFlRo8DyxW0QI,media/sticker_664734.webp
664733,2025-02-02T17:19:30+00:00,text,Girls strong team,
664732,2025-02-02T17:19:30+00:00,text,Year ki,
664731,2025-02-02T17:19:24+00:00,sticker,[STICKER] CAADBQADOQgAAq5q6FUHmn1BUvZfDgI,media/sticker_664731.webp
664730,2025-02-02T17:19:24+00:00,text,Kill him,
664728,2025-02-02T17:19:20+00:00,text,üò≠üò≠ cheater üò†,
664727,2025-02-02T17:19:18+00:00,text,"ayein, cant you see a pic?",
664726,2025-02-02T17:19:14+00:00,text,Tui amr junior beda üòí,
664725,2025-02-02T17:19:12+00:00,text,Guys we are one family,
664724,2025-02-02T17:19:09+00:00,text,I am waiting....For muaz to go offline hehe üòÅ,
664723,2025-02-02T17:19:00+00:00,text,Ok,
664722,2025-02-02T17:18:58+00:00,text,ohh flirting,
664720,2025-02-02T17:18:53+00:00,text,You know very well better then uss üò≠,
664719,2025-02-02T17:18:52+00:00,text,Then I lope u,
664718,2025-02-02T17:18:51+00:00,text,"Yeah, ok I will stop, I just wanted to make you my queen,  ok Bye forever ü•≤ü•≤",
664717,2025-02-02T17:18:47+00:00,text,Haha fly to the moon,
664716,2025-02-02T17:18:33+00:00,text,No doubt,
664715,2025-02-02T17:18:33+00:00,text,Okay okay üëçüèª,
664714,2025-02-02T17:18:24+00:00,text,You are a girl lol...I think you are a boy ü§ê,
664713,2025-02-02T17:18:24+00:00,sticker,[STICKER] CAADBQADWQkAAtNg6VVKe74fZgStYQI,media/sticker_664713.webp
664712,2025-02-02T17:18:19+00:00,text,How say I don't know Bengali üòè,
664711,2025-02-02T17:18:19+00:00,text,Cry :!,
664710,2025-02-02T17:18:04+00:00,text,Go alone üò≠ u flirting with me so i don‚Äôt want,
664709,2025-02-02T17:18:03+00:00,text,lets goo all ants,
664708,2025-02-02T17:18:00+00:00,text,üòÇüòÇ stf*,
664707,2025-02-02T17:17:57+00:00,sticker,[STICKER] BAADBQADqxUAAne5EFVphIn652slQAI,media/sticker_664707.webp
664706,2025-02-02T17:17:55+00:00,text,Loll üòÇ,
664705,2025-02-02T17:17:48+00:00,sticker,[STICKER] CAADBQADmwgAAoxz6FUgfbgQTd7x_AI,media/sticker_664705.webp
664704,2025-02-02T17:17:47+00:00,text,I just talked once,
664703,2025-02-02T17:17:46+00:00,text,Yeah üòÇ,
664702,2025-02-02T17:17:45+00:00,text,Who tech you bangla arrest him,
664701,2025-02-02T17:17:40+00:00,text,‡¶Ü‡¶™‡¶®‡¶ø ‡¶ï‡¶ø ‡¶∞‡¶ô‡ßá‡¶∞ ‡¶Ö‡¶®‡ßç‡¶§‡¶∞‡ßç‡¶¨‡¶æ‡¶∏ ‡¶™‡¶∞‡ßá‡¶õ‡ßá‡¶®?,
664700,2025-02-02T17:17:19+00:00,text,What is ‡¶Æ‡¶æ‡¶®‡¶¨ ‡¶¶‡¶ø‡¶¶‡¶ø?üò≠,
664699,2025-02-02T17:17:19+00:00,photo,[PHOTO],media/photo_664699.jpg
664698,2025-02-02T17:17:17+00:00,sticker,[STICKER] CAADBAAD1xUAAlHrcFB0hitvju6PCQI,media/sticker_664698.webp
664697,2025-02-02T17:17:17+00:00,sticker,[STICKER] CAADBQADgxIAAqcN-VRTTLNAU2zP5gI,media/sticker_664697.webp
664696,2025-02-02T17:17:09+00:00,text,"Hey , let's go to moon together",
664695,2025-02-02T17:17:07+00:00,text,üòÇüòÇ,
664694,2025-02-02T17:17:05+00:00,text,You too,
664693,2025-02-02T17:16:59+00:00,text,No no this is mas muth sentences üòÇ,
664692,2025-02-02T17:16:57+00:00,text,Accha vai toke bissas korte voi lage. üòê,
664691,2025-02-02T17:16:56+00:00,text,üòÇüòÇ,
664690,2025-02-02T17:16:55+00:00,text,‡¶Ü‡¶™‡¶®‡¶æ‡¶∞ ‡¶∏‡ßç‡¶™‡ßç‡¶Ø‡¶æ‡¶Æ‡¶æ‡¶∞,
664689,2025-02-02T17:16:53+00:00,text,Whutttt,
664688,2025-02-02T17:16:50+00:00,text,üòÇjust a writer,
664687,2025-02-02T17:16:49+00:00,text,ü•≤ü•≤,
664686,2025-02-02T17:16:45+00:00,text,Haha,
664685,2025-02-02T17:16:44+00:00,text,To moon,
664684,2025-02-02T17:16:43+00:00,text,For getting handjob,
664683,2025-02-02T17:16:39+00:00,text,Stop spamming,
664682,2025-02-02T17:16:39+00:00,text,Where,
664681,2025-02-02T17:16:35+00:00,text,Woww u know but I don't ü•πü•πü•πü•π okay pizzuuuuuü•πü•π,
664680,2025-02-02T17:16:32+00:00,text,Bro if you are alone call 9xxxx444,
664679,2025-02-02T17:16:31+00:00,text,Goo,
664678,2025-02-02T17:16:26+00:00,sticker,[STICKER] CAADBQADWQkAAtNg6VVKe74fZgStYQI,media/sticker_664678.webp
664677,2025-02-02T17:16:26+00:00,sticker,[STICKER] CAADBQADjgkAAl986FVUH5HE3mUaTQI,media/sticker_664677.webp
664676,2025-02-02T17:16:23+00:00,text,Same,
664675,2025-02-02T17:16:22+00:00,text,‡¶â‡¶∞ ‡¶®‡¶æ ‡¶Æ‡¶æ‡¶®‡¶¨ ‡¶¶‡¶ø‡¶¶‡¶ø,
664674,2025-02-02T17:16:16+00:00,text,Lol I'm already good at English üòÇüòÇüò™,
664673,2025-02-02T17:16:05+00:00,text,"No,push more",
664672,2025-02-02T17:16:04+00:00,text,YoüòÅ‚ù§Ô∏è,
664671,2025-02-02T17:15:59+00:00,sticker,[STICKER] CAADBQADjxIAAtLUAVW9WAuyw_t3DAI,media/sticker_664671.webp
664670,2025-02-02T17:15:59+00:00,text,Understand?,
664669,2025-02-02T17:15:59+00:00,text,Thanks,
664668,2025-02-02T17:15:56+00:00,sticker,[STICKER] BAADBQADwAwAAhG8IFYluQjHfjDk_wI,media/sticker_664668.webp
664667,2025-02-02T17:15:55+00:00,sticker,[STICKER] BAADBQADzgcAAgL_uValMFj_5soZ2QI,media/sticker_664667.webp
664666,2025-02-02T17:15:53+00:00,text,Yeah that's why I don't speak  bengali  language,
664665,2025-02-02T17:15:52+00:00,text,No continue,
664664,2025-02-02T17:15:52+00:00,text,‡¶Ø‡¶æ‡¶ì ‡¶ò‡ßÅ‡¶Æ‡¶æ‡¶ì,
664663,2025-02-02T17:15:52+00:00,text,Ok,
664662,2025-02-02T17:15:49+00:00,text,"Please remember to use English.... If you are not good at it, you can use the Google Translate application.",
664661,2025-02-02T17:15:48+00:00,text,Let's go guys,
664660,2025-02-02T17:15:46+00:00,text,Bad news is mods don't allow bangla,
664659,2025-02-02T17:15:44+00:00,text,‡¶è‡¶ñ‡¶® ‡¶•‡¶æ‡¶Æ‡ßã,
664658,2025-02-02T17:15:24+00:00,text,Yes same fear sis üôÇ,
664657,2025-02-02T17:15:23+00:00,sticker,[STICKER] BAADBQADzgcAAgL_uValMFj_5soZ2QI,media/sticker_664657.webp
664656,2025-02-02T17:15:22+00:00,text,"Just be patient, waiting for the next official announcement sir",
664655,2025-02-02T17:15:08+00:00,text,All Bengalis r hereüòÇüòÇ,
664654,2025-02-02T17:15:05+00:00,text,Right,
664653,2025-02-02T17:15:02+00:00,sticker,[STICKER] CAADBQADGxQAAgGU6VTFlRo8DyxW0QI,media/sticker_664653.webp
664652,2025-02-02T17:14:57+00:00,text,Is this needed really?üòí,
664651,2025-02-02T17:14:55+00:00,text,üòÇüòÇ it's jokeüòÇüòÇ,
664650,2025-02-02T17:14:52+00:00,sticker,[STICKER] BAADBQADLQ0AAoHJMFV8laWbaOLe7gI,media/sticker_664650.webp
664649,2025-02-02T17:14:50+00:00,text,This not threat this is fun üòÇ....me and muaz know that üòÅ,
664648,2025-02-02T17:14:46+00:00,text,"No , our kids üíñ",
664647,2025-02-02T17:14:38+00:00,text,Soon Announcement,
664646,2025-02-02T17:14:33+00:00,text,No can't,
664645,2025-02-02T17:14:33+00:00,text,"No thanks,my kids will join",
664644,2025-02-02T17:14:27+00:00,text,.,
664643,2025-02-02T17:14:20+00:00,text,Which is spam.. ei to aguloi valo lagena..mojar majhe majhe threat dis to... Dhur ..... Kothai blbona tdr satheüòí,
664642,2025-02-02T17:14:13+00:00,text,Don't do that,
664641,2025-02-02T17:14:13+00:00,text,Me and mili is indian and else others are bangladeshi,
664640,2025-02-02T17:14:11+00:00,sticker,[STICKER] CAADBQADWQkAAtNg6VVKe74fZgStYQI,media/sticker_664640.webp
664639,2025-02-02T17:14:09+00:00,text,Sample,
664638,2025-02-02T17:14:05+00:00,photo,[PHOTO],media/photo_664638.jpg
664637,2025-02-02T17:13:57+00:00,text,You are a drama maker.. the moderator repeatedly told the community to use English if you join this event.ü§≠,
664636,2025-02-02T17:13:53+00:00,text,Pure bangla üòÜ,
664635,2025-02-02T17:13:51+00:00,text,O amr friend üòÇüòÇ,
664634,2025-02-02T17:13:51+00:00,text,Allah ami jodi ban hoye jai ü•≤ ar bangla bolbo na baba,
664633,2025-02-02T17:13:40+00:00,text,Mostly indian and Bangladeshi,
664632,2025-02-02T17:13:40+00:00,text,Wanna join my queen ü•∞,
664631,2025-02-02T17:13:27+00:00,text,Too many bengalis are here üòÇ,
664630,2025-02-02T17:13:25+00:00,text,‡¶∂‡¶æ‡¶π‡¶ø‡¶® ‡¶ï‡ßç‡¶Ø‡¶æ‡¶°‡ßá‡¶° ‡¶ï‡ßã‡¶ö‡¶ø‡¶Ç,
664629,2025-02-02T17:13:22+00:00,text,Jeita delete korlen,
664628,2025-02-02T17:13:19+00:00,text,Under construction,
664627,2025-02-02T17:13:17+00:00,text,Have it peopleüíï,
664626,2025-02-02T17:13:14+00:00,text,Ok 100% understand,
664625,2025-02-02T17:13:12+00:00,text,Ki,
664624,2025-02-02T17:13:09+00:00,sticker,[STICKER] CAADBQADmAgAAhnm6FV5LBcxUPD0jgI,media/sticker_664624.webp
664623,2025-02-02T17:13:07+00:00,text,I have rost,
664622,2025-02-02T17:13:02+00:00,text,Bro sei blsilen,
664621,2025-02-02T17:13:01+00:00,sticker,[STICKER] CAADBQADUAkAAjG46FXjH92lGYD9WgI,media/sticker_664621.webp
664620,2025-02-02T17:12:55+00:00,text,Ok,
664618,2025-02-02T17:12:48+00:00,sticker,[STICKER] CAADBQADoQkAAueQ6FW3DAf4Q3nTAgI,media/sticker_664618.webp
664617,2025-02-02T17:12:47+00:00,sticker,[STICKER] CAADBQADmBYAAlwOOFWSylRvpTVS-AI,media/sticker_664617.webp
664616,2025-02-02T17:12:44+00:00,text,Right,
664615,2025-02-02T17:12:37+00:00,text,Oi holo kichu aktaüòÇ,
664614,2025-02-02T17:12:36+00:00,text,Don't take serious sir üò¨,
664613,2025-02-02T17:12:30+00:00,text,üò™üò™,
664612,2025-02-02T17:12:24+00:00,text,"Na , sarla kn aso",
664610,2025-02-02T17:12:16+00:00,text,Wow üôÇ,
664609,2025-02-02T17:12:15+00:00,sticker,[STICKER] CAADBQADpgQAAszyUVYRCaDsIhtlTAI,media/sticker_664609.webp
664608,2025-02-02T17:12:12+00:00,sticker,[STICKER] BAADBQADzBAAAnX7EVWHAQABoe8hwwYC,media/sticker_664608.webp
664607,2025-02-02T17:12:08+00:00,sticker,[STICKER] CAADBQAD6BIAAmVa-VQsNYGIPgvIfwI,media/sticker_664607.webp
664606,2025-02-02T17:11:58+00:00,text,Tumi bolla dekhe chere dilam noyto las porto aykhane üòÇü§£,
664605,2025-02-02T17:11:58+00:00,sticker,[STICKER] CAADBQADWQkAAtNg6VVKe74fZgStYQI,media/sticker_664605.webp
664604,2025-02-02T17:11:57+00:00,sticker,[STICKER] CAADBQADxBIAAgIT8VTdq-8JWe65GwI,media/sticker_664604.webp
664603,2025-02-02T17:11:56+00:00,text,Really,
664602,2025-02-02T17:11:55+00:00,text,Yes right but something for fun you can give little bit sacrifice,
664601,2025-02-02T17:11:49+00:00,text,Lecture,
664600,2025-02-02T17:11:48+00:00,sticker,[STICKER] CAADBQADnAMAAlzzSVbG7NogLEJIkAI,media/sticker_664600.webp
664599,2025-02-02T17:11:39+00:00,sticker,[STICKER] CAADBQADWQkAAtNg6VVKe74fZgStYQI,media/sticker_664599.webp
664598,2025-02-02T17:11:27+00:00,photo,[PHOTO],media/photo_664598.jpg
664597,2025-02-02T17:11:22+00:00,text,Making drama.,
664596,2025-02-02T17:11:01+00:00,text,Btw nna baba kono gondogol chaina..üòÇ besh moja kori setai valoüòÇ moja maro taka kamaoüòÅ,
664595,2025-02-02T17:11:01+00:00,text,Ore remand a nissi wait boin üòÇ,
664594,2025-02-02T17:11:00+00:00,text,"Last season you were like that too... HahaüòÇ 
Respect the mememcore community, don't be like that, okay?
If you want to speak your local language, you can contact us personally, not here.ü§≠",
664593,2025-02-02T17:10:56+00:00,text,Ai Vai age khuji de konet mor bou tar por arrestüôÑ,
664592,2025-02-02T17:10:45+00:00,text,I'm not yescoiner my name is Shahin,
664591,2025-02-02T17:10:37+00:00,sticker,[STICKER] CAADBQADjgkAAl986FVUH5HE3mUaTQI,media/sticker_664591.webp
664590,2025-02-02T17:10:26+00:00,text,Oi j yes coiner.üòÇ,
664589,2025-02-02T17:10:15+00:00,sticker,[STICKER] CAADBQADNgkAAuorKVQMtNtBeJtqJwI,media/sticker_664589.webp
664588,2025-02-02T17:10:08+00:00,text,I'm dmn sure u are Amin,
664587,2025-02-02T17:10:05+00:00,text,Tr bou k arrest korga üòêüòè,
664586,2025-02-02T17:10:03+00:00,text,Don't take seriously,
664585,2025-02-02T17:09:57+00:00,text,üôÇ,
664584,2025-02-02T17:09:50+00:00,sticker,[STICKER] CAADBQADJwUAAgTaGVfR-1RFyijKtQI,media/sticker_664584.webp
664583,2025-02-02T17:09:47+00:00,text,Under construction,
664582,2025-02-02T17:09:41+00:00,text,ü§£ü§£ü§£,
664581,2025-02-02T17:09:41+00:00,sticker,[STICKER] CAADBQAD4AkAAhRi6VVpityHiRDyZgI,media/sticker_664581.webp
664580,2025-02-02T17:09:37+00:00,text,Najane kunu hoi Tumi ü§ì,
664579,2025-02-02T17:09:37+00:00,text,A Gari ta ber kor to fast üòæ,
664578,2025-02-02T17:09:35+00:00,sticker,[STICKER] CAADBQAD1QQAAlMtgVX6BwyZxrlpywI,media/sticker_664578.webp
664577,2025-02-02T17:09:30+00:00,text,Say vatar üò™üò™,
664576,2025-02-02T17:09:28+00:00,text,Seriously üòí,
664575,2025-02-02T17:09:25+00:00,sticker,[STICKER] CAADBAADHBYAAjQGqFJLItw64N96FwI,media/sticker_664575.webp
664574,2025-02-02T17:09:21+00:00,text,I am reading chats and having fun üòÇ,
664573,2025-02-02T17:09:11+00:00,text,Haha loll üòÇ,
664572,2025-02-02T17:08:57+00:00,text,Maramari hobe,
664571,2025-02-02T17:08:57+00:00,text,üò™üò™üò™,
664570,2025-02-02T17:08:55+00:00,text,"I'm ,my queen ü•∞",
664569,2025-02-02T17:08:39+00:00,text,K bolse sudhu bolo ajke akta gondogol hoye jabe,
664568,2025-02-02T17:08:37+00:00,text,Aren't become too greedy,
664567,2025-02-02T17:08:35+00:00,text,Kire Vai Dada koli Ken you are under arrest,
664566,2025-02-02T17:08:31+00:00,sticker,[STICKER] BAADBQADLQ0AAoHJMFV8laWbaOLe7gI,media/sticker_664566.webp
664565,2025-02-02T17:08:26+00:00,text,Londiyabazz sale shrm nai üòíüòÜ,
664564,2025-02-02T17:08:26+00:00,sticker,[STICKER] CAADBQADGxQAAgGU6VTFlRo8DyxW0QI,media/sticker_664564.webp
664563,2025-02-02T17:08:15+00:00,sticker,[STICKER] CAADBQAD6BIAAmVa-VQsNYGIPgvIfwI,media/sticker_664563.webp
664562,2025-02-02T17:07:59+00:00,text,üò≠üò≠,
664561,2025-02-02T17:07:58+00:00,text,Ok okkk hehe üåöüåù,
664560,2025-02-02T17:07:54+00:00,text,Dada o dadaüôÇ,
664559,2025-02-02T17:07:42+00:00,text,A little bit bebuü•π,
664558,2025-02-02T17:07:41+00:00,text,Mili o mili üôÇ,
664557,2025-02-02T17:07:39+00:00,text,"Oho our lady killer become angry, wanna kill",
664556,2025-02-02T17:07:36+00:00,sticker,[STICKER] BAADAgAD9ykAApU3CEk-3UOnyPCULQI,media/sticker_664556.webp
664555,2025-02-02T17:07:36+00:00,text,I'm following rules.  Stop giving Unnecessary lectures,
664554,2025-02-02T17:07:18+00:00,sticker,[STICKER] CAADBAAD1xUAAlHrcFB0hitvju6PCQI,media/sticker_664554.webp
664552,2025-02-02T17:07:03+00:00,text,This name suits you well,
664551,2025-02-02T17:06:52+00:00,text,Follow the rules.. if you chat in your local language you can chat privately.. hahahaüòÜüòÜ,
664550,2025-02-02T17:06:48+00:00,text,They are very very chalak,
664549,2025-02-02T17:06:43+00:00,sticker,[STICKER] CAADBQADyggAAkBg6FVnFjgB_wwSOwI,media/sticker_664549.webp
664548,2025-02-02T17:06:43+00:00,text,To amk kno lady killer bolchis,
664547,2025-02-02T17:06:41+00:00,text,Wow ü•≤,
664546,2025-02-02T17:06:39+00:00,file,[FILE] animation.gif.mp4,media/video_664546.mp4
664545,2025-02-02T17:06:38+00:00,sticker,[STICKER] CAADBQADyAcAAq286FWvLnMkLLCioAI,media/sticker_664545.webp
664544,2025-02-02T17:06:36+00:00,text,No noo englishhh,
664543,2025-02-02T17:06:32+00:00,sticker,[STICKER] CAADBQADWAkAAnev8VVJz-SGQoA9kAI,media/sticker_664543.webp
664542,2025-02-02T17:06:32+00:00,text,Tu to maya k potacchis,
664541,2025-02-02T17:06:27+00:00,text,"Good dreams, but he is old man now",
664540,2025-02-02T17:06:26+00:00,text,Kannn vaiiiüôÇ,
664539,2025-02-02T17:06:25+00:00,text,Haha...üòÇ,
664538,2025-02-02T17:06:19+00:00,text,Waaaoo genius,
664537,2025-02-02T17:06:05+00:00,text,Mia k____,
664536,2025-02-02T17:06:02+00:00,sticker,[STICKER] CAADBQADWQkAAtNg6VVKe74fZgStYQI,media/sticker_664536.webp
664535,2025-02-02T17:05:55+00:00,text,Mili,
664534,2025-02-02T17:05:55+00:00,text,Come here haha,
664533,2025-02-02T17:05:55+00:00,text,üòÇüòÇwho will pickup the call ?,
664532,2025-02-02T17:05:53+00:00,text,Ewww,
664531,2025-02-02T17:05:53+00:00,sticker,[STICKER] CAADBAADShcAAngTsFI10a5sGl3A1wI,media/sticker_664531.webp
664530,2025-02-02T17:05:52+00:00,text,Am not alone 20 people working my under this time üòÜüòÜ,
664529,2025-02-02T17:05:51+00:00,text,"Don't be greedy my queen, money is not everything ,iman is  need",
664528,2025-02-02T17:05:49+00:00,text,Who is lady killer,
664527,2025-02-02T17:05:48+00:00,text,Haha üåöüåù,
664526,2025-02-02T17:05:37+00:00,text,Okay wid uü•π,
664525,2025-02-02T17:05:36+00:00,text,Mukhes ambani ar moto akta chele jodi amr vatar hoito üò≠,
664524,2025-02-02T17:05:36+00:00,text,9xxxx444 call here for handjob,
664523,2025-02-02T17:05:22+00:00,text,I know but I've to increase my rank ü§£,
664522,2025-02-02T17:05:08+00:00,sticker,[STICKER] CAADBQADfQcAArtU6VVhY5RcSur1_AI,media/sticker_664522.webp
664521,2025-02-02T17:05:08+00:00,text,U r not alone... Call 888888.....,
664520,2025-02-02T17:05:06+00:00,text,This guy is very lier,
664519,2025-02-02T17:05:03+00:00,text,Fly higher for getting that target,
664518,2025-02-02T17:05:02+00:00,text,Good ü•π,
664517,2025-02-02T17:05:02+00:00,text,I'm not asking you lady killer,
664516,2025-02-02T17:05:02+00:00,text,Mor ato sokh nai khali teka ala holei hobi ü•≤,
664515,2025-02-02T17:04:54+00:00,text,Haha keep it up budddy,
664514,2025-02-02T17:04:51+00:00,text,Strecher üòÇ,
664513,2025-02-02T17:04:48+00:00,text,Ok ‚úÖÔ∏è,
664512,2025-02-02T17:04:39+00:00,sticker,[STICKER] CAADBQADmwgAAoxz6FUgfbgQTd7x_AI,media/sticker_664512.webp
664511,2025-02-02T17:04:36+00:00,text,Today target 3k msg,
664510,2025-02-02T17:04:33+00:00,text,How old r u??,
664509,2025-02-02T17:04:33+00:00,sticker,[STICKER] CAADBAAD8BMAAvQ3AAFQBY_DyjHMyhsC,media/sticker_664509.webp
664508,2025-02-02T17:04:33+00:00,text,Already lost lot of,
664507,2025-02-02T17:04:28+00:00,text,Nice,
664506,2025-02-02T17:04:21+00:00,text,Yes done mili,
664505,2025-02-02T17:04:19+00:00,text,"Helicopter or palki , which one do you like,",
664504,2025-02-02T17:04:17+00:00,text,Noo ü•≤ü•≤ü•≤,
664503,2025-02-02T17:04:12+00:00,text,Haha today's target is finally completed now üòÜ,
664502,2025-02-02T17:04:08+00:00,text,Lol.. You forbid other people from using their regional language but you yourself use your regional language hahahaha ... üòÇüòÇ,
664501,2025-02-02T17:04:04+00:00,sticker,[STICKER] CAADBQAD4wgAAl8s8FUuqkEcRalhygI,media/sticker_664501.webp
664500,2025-02-02T17:03:57+00:00,text,But alts sleep,
664499,2025-02-02T17:03:54+00:00,text,Had ur dinner maya?,
664498,2025-02-02T17:03:53+00:00,text,A chengra mok knka kore niya jabu sta ko ü§®,
664497,2025-02-02T17:03:51+00:00,text,Haha go to the moon now,
664496,2025-02-02T17:03:51+00:00,text,Let's lose some $ in future trad,
664495,2025-02-02T17:03:44+00:00,sticker,[STICKER] CAADBAADShcAAngTsFI10a5sGl3A1wI,media/sticker_664495.webp
664494,2025-02-02T17:03:37+00:00,text,Currently market is on üî•,
664493,2025-02-02T17:03:35+00:00,text,100% halal,
664492,2025-02-02T17:03:31+00:00,text,üò™üò™ banb,
664491,2025-02-02T17:03:25+00:00,text,Spot trading üòÅüòÇ,
664490,2025-02-02T17:03:16+00:00,text,Yea,
664489,2025-02-02T17:03:15+00:00,text,No sir only spot,
664488,2025-02-02T17:03:12+00:00,sticker,[STICKER] BAADBAAD7hUAAmkP0VGvbyIw7mVjfAI,media/sticker_664488.webp
664487,2025-02-02T17:03:04+00:00,text,ü§¢ü§Æü§Æ,
664486,2025-02-02T17:02:59+00:00,sticker,[STICKER] CAADBQADmwgAAoxz6FUgfbgQTd7x_AI,media/sticker_664486.webp
664485,2025-02-02T17:02:57+00:00,text,Noob trader,
664484,2025-02-02T17:02:54+00:00,text,For which topic,
664483,2025-02-02T17:02:53+00:00,text,I know buddy ban them,
664482,2025-02-02T17:02:52+00:00,sticker,[STICKER] CAADBAADZhQAAtei2VJAyb9RqB_zbgI,media/sticker_664482.webp
664481,2025-02-02T17:02:49+00:00,text,Respect toüè≥Ô∏è‚Äçüåà,
664480,2025-02-02T17:02:44+00:00,text,Haha right decision,
664479,2025-02-02T17:02:40+00:00,text,Delete bro,
664478,2025-02-02T17:02:36+00:00,sticker,[STICKER] CAADBQADnAMAAlzzSVbG7NogLEJIkAI,media/sticker_664478.webp
664477,2025-02-02T17:02:36+00:00,text,"Bro I'm also not a gay ,",
664476,2025-02-02T17:02:35+00:00,text,üò≠üò≠,
664475,2025-02-02T17:02:33+00:00,text,Explain? ü§®,
664474,2025-02-02T17:02:32+00:00,text,Keep supporting Genesis,
664473,2025-02-02T17:02:31+00:00,text,U will lol,
664472,2025-02-02T17:02:30+00:00,text,Someone please told Trump give some pump crypto üôÑ,
664471,2025-02-02T17:02:28+00:00,text,Up up up guys,
664470,2025-02-02T17:02:22+00:00,text,Hoo,
664469,2025-02-02T17:02:21+00:00,text,Haha üòÇ don't take stress budddy...I am not crossing you haha üòÜ,
664468,2025-02-02T17:02:20+00:00,text,U carry on bro let ü§ì,
664467,2025-02-02T17:02:13+00:00,text,Ok let me,
664466,2025-02-02T17:02:12+00:00,sticker,[STICKER] CAADBAADHBYAAjQGqFJLItw64N96FwI,media/sticker_664466.webp
664465,2025-02-02T17:02:10+00:00,text,Let's dance in that happiness üòÅ,
664464,2025-02-02T17:02:06+00:00,text,Thanks for support me mili üòÇ,
664463,2025-02-02T17:02:05+00:00,text,U spam,
664462,2025-02-02T17:01:59+00:00,sticker,[STICKER] CAADBQAD7gcAAviD6FVG40aq68JNAwI,media/sticker_664462.webp
664461,2025-02-02T17:01:56+00:00,text,Not at all,
